Alcoholic beverage, beer, light
Alcoholic beverage, beer, regular, all
Alcoholic beverage, distilled, all (gin, rum, vodka, whiskey) 80 proof
Alcoholic beverage, distilled, rum, 80 proof
Alcoholic beverage, liqueur, coffee, 53 proof
Alcoholic beverage, malt beer, hard lemonade
Alcoholic beverage, rice (sake)
Alcoholic beverage, wine, dessert, sweet
Alcoholic beverage, wine, light
Alcoholic beverage, wine, table, all
Alcoholic beverage, wine, table, red
Alcoholic beverage, wine, table, white
Alcoholic beverages, beer, higher alcohol
Alcoholic beverages, wine, rose
Alfalfa seeds, sprouted, raw
Almond butter, creamy
Almond milk, unsweetened, plain, shelf stable
Animal fat, bacon grease
Apple juice, canned or bottled, unsweetened, with added ascorbic acid, calcium, and potassium
Apple juice, canned or bottled, unsweetened, without added ascorbic acid
Apple juice, frozen concentrate, unsweetened, undiluted, without added ascorbic acid
Apple juice, with added vitamin C, from concentrate, shelf stable
Apples, dried, sulfured, uncooked
Apples, fuji, with skin, raw
Apples, gala, with skin, raw
Apples, granny smith, with skin, raw
Apples, honeycrisp, with skin, raw
Apples, raw, with skin (Includes foods for USDA's Food Distribution Program)
Apples, raw, without skin
Apples, red delicious, with skin, raw
Applesauce, canned, sweetened, without salt
Applesauce, canned, unsweetened, without added ascorbic acid (Includes foods for USDA's Food Distribution Program)
Applesauce, unsweetened, with added vitamin C
Apricot nectar, canned, with added ascorbic acid
Apricots, canned, water pack, with skin, solids and liquids
Apricots, dried, sulfured, uncooked
Apricots, raw
Artichokes, (globe or french), cooked, boiled, drained, without salt
Arugula, raw
Asparagus, canned, drained solids
Asparagus, frozen, cooked, boiled, drained, without salt
Asparagus, raw
Avocados, raw, all commercial varieties
Babyfood, Baby MUM MUM Rice Biscuits
Babyfood, baked product, finger snacks cereal fortified
Babyfood, banana no tapioca, strained
Babyfood, cereal, barley, dry fortified
Babyfood, cereal, oatmeal, dry fortified
Babyfood, cereal, rice, dry fortified
Babyfood, cookies
Babyfood, dessert, custard pudding, vanilla, junior
Babyfood, finger snacks, GERBER, GRADUATES, PUFFS, apple and cinnamon
Babyfood, fortified cereal bar, fruit filling
Babyfood, fruit, applesauce, junior
Babyfood, fruit, applesauce, strained
Babyfood, fruit, peaches, junior
Babyfood, fruit, peaches, strained
Babyfood, fruit, pears, junior
Babyfood, fruit, pears, strained
Babyfood, GERBER, GRADUATES Lil Biscuits Vanilla Wheat
Babyfood, grape juice, no sugar, canned
Babyfood, juice, apple
Babyfood, juice, apple-sweet potato
Babyfood, juice, pear
Babyfood, macaroni and cheese, toddler
Babyfood, meat, beef, strained
Babyfood, meat, chicken, strained
Babyfood, meat, ham, strained
Babyfood, meat, turkey sticks, junior
Babyfood, meat, turkey, strained
Babyfood, Multigrain whole grain cereal, dry fortified
Babyfood, potatoes, toddler
Babyfood, prunes, without vitamin c, strained
Babyfood, Snack, GERBER, GRADUATES, LIL CRUNCHIES, baked whole grain corn snack
Babyfood, snack, GERBER, GRADUATES, YOGURT MELTS
Babyfood, vegetables, beets, strained
Babyfood, vegetables, carrots, junior
Babyfood, vegetables, carrots, strained
Babyfood, vegetables, corn, creamed, strained
Babyfood, vegetables, green beans, junior
Babyfood, vegetables, peas, strained
Babyfood, vegetables, spinach, creamed, strained
Babyfood, vegetables, squash, junior
Babyfood, vegetables, squash, strained
Babyfood, vegetables, sweet potatoes strained
Babyfood, vegetables, sweet potatoes, junior
Babyfood, water, bottled, GERBER, without added fluoride
Bacon bits, meatless
Bacon, meatless
Bacon, turkey, low sodium
Bacon, turkey, microwaved
Bagels, plain, enriched, with calcium propionate (includes onion, poppy, sesame)
Bagels, wheat
Baking chocolate, unsweetened, squares
Balsam-pear (bitter gourd), leafy tips, cooked, boiled, drained, without salt
Balsam-pear (bitter gourd), pods, cooked, boiled, drained, without salt
Bamboo shoots, canned, drained solids
Bananas, dehydrated, or banana powder
Bananas, overripe, raw
Bananas, ripe and slightly ripe, raw
Barley, pearled, cooked
Basil, fresh
Beans, baked, canned, no salt added
Beans, baked, canned, plain or vegetarian
Beans, baked, canned, with pork and sweet sauce
Beans, black turtle, mature seeds, canned
Beans, black turtle, mature seeds, cooked, boiled, without salt
Beans, black, mature seeds, canned, low sodium
Beans, black, mature seeds, cooked, boiled, without salt
Beans, black, mature seeds, raw
Beans, great northern, mature seeds, canned
Beans, great northern, mature seeds, canned, low sodium
Beans, kidney, all types, mature seeds, cooked, boiled, without salt
Beans, kidney, red, mature seeds, canned, solids and liquid, low sodium
Beans, kidney, red, mature seeds, canned, solids and liquids
Beans, kidney, red, mature seeds, cooked, boiled, without salt
Beans, pink, mature seeds, cooked, boiled, without salt
Beans, pinto, mature seeds, canned, solids and liquids, low sodium
Beans, pinto, mature seeds, cooked, boiled, without salt
Beans, snap, green, canned, no salt added, drained solids
Beans, snap, green, canned, regular pack, drained solids
Beans, snap, green, frozen, cooked, boiled, drained without salt
Beans, snap, green, raw
Beans, snap, yellow, frozen, cooked, boiled, drained, without salt
Beans, white, mature seeds, cooked, boiled, without salt
Beans, yellow, mature seeds, cooked, boiled, without salt
Beef, brisket, whole, separable lean and fat, trimmed to 0" fat, all grades, cooked, braised
Beef, brisket, whole, separable lean only, trimmed to 0" fat, all grades, cooked, braised
Beef, chuck for stew, separable lean and fat, all grades, cooked, braised
Beef, chuck, arm pot roast, separable lean only, trimmed to 1/8" fat, all grades, cooked, braised
Beef, chuck, arm pot roast, separable lean only, trimmed to 1/8" fat, choice, raw
Beef, chuck, blade roast, separable lean and fat, trimmed to 1/8" fat, all grades, cooked, braised
Beef, chuck, under blade center steak, boneless, Denver Cut, separable lean and fat, trimmed to 0" fat, all grades, cooked, grilled
Beef, chuck, under blade pot roast, boneless, separable lean and fat, trimmed to 0" fat, all grades, cooked, braised
Beef, chuck, under blade pot roast, boneless, separable lean only, trimmed to 0" fat, all grades, cooked, braised
Beef, composite of trimmed retail cuts, separable lean and fat, trimmed to 1/8" fat, all grades, cooked
Beef, corned beef hash, with potato, canned
Beef, cured, breakfast strips, cooked
Beef, cured, corned beef, brisket, cooked
Beef, cured, dried
Beef, cured, pastrami
Beef, ground, 75% lean meat / 25% fat, crumbles, cooked, pan-browned
Beef, ground, 75% lean meat / 25% fat, loaf, cooked, baked
Beef, ground, 75% lean meat / 25% fat, patty, cooked, broiled
Beef, ground, 80% lean meat / 20% fat, crumbles, cooked, pan-browned
Beef, ground, 80% lean meat / 20% fat, patty, cooked, broiled
Beef, ground, 80% lean meat / 20% fat, raw
Beef, ground, 85% lean meat / 15% fat, crumbles, cooked, pan-browned
Beef, ground, 85% lean meat / 15% fat, patty, cooked, broiled
Beef, ground, 85% lean meat / 15% fat, raw (Includes foods for USDA's Food Distribution Program)
Beef, ground, 90% lean meat / 10% fat, patty, cooked, broiled
Beef, ground, 90% lean meat / 10% fat, raw
Beef, ground, patties, frozen, cooked, broiled
Beef, loin, tenderloin steak, boneless, separable lean only, trimmed to 0" fat, all grades, cooked, grilled
Beef, loin, top loin steak, boneless, lip-on, separable lean only, trimmed to 1/8" fat, all grades, cooked, grilled
Beef, loin, top loin, separable lean and fat, trimmed to 1/8" fat, all grades, cooked, grilled
Beef, plate steak, boneless, inside skirt, separable lean and fat, trimmed to 0" fat, all grades, cooked, grilled
Beef, retail cuts, separable fat, cooked
Beef, rib eye steak, boneless, lip-on, separable lean and fat, trimmed to 1/8" fat, all grades, cooked, grilled
Beef, rib eye steak, boneless, lip-on, separable lean only, trimmed to 1/8" fat, all grades, cooked, grilled
Beef, rib, large end (ribs 6-9), separable lean and fat, trimmed to 1/8" fat, all grades, cooked, roasted
Beef, rib, small end (ribs 10-12), separable lean and fat, trimmed to 1/8" fat, all grades, cooked, broiled
Beef, round, full cut, separable lean and fat, trimmed to 1/8" fat, choice, cooked, broiled
Beef, round, full cut, separable lean and fat, trimmed to 1/8" fat, choice, raw
Beef, round, top round roast, boneless, separable lean and fat, trimmed to 0" fat, all grades, cooked, roasted
Beef, round, top round roast, boneless, separable lean only, trimmed to 0" fat, all grades, cooked, roasted
Beef, round, top round steak, boneless, separable lean and fat, trimmed to 0" fat, all grades, cooked, grilled
Beef, round, top round steak, separable lean and fat, trimmed to 1/8" fat, all grades, cooked, broiled
Beef, short loin, porterhouse steak, separable lean and fat, trimmed to 1/8" fat, all grades, cooked, grilled
Beef, short loin, porterhouse steak, separable lean only,  trimmed to 1/8" fat, all grades, cooked, grilled
Beef, tenderloin, roast, separable lean and fat, trimmed to 1/8" fat, prime, cooked, roasted
Beef, top sirloin, steak, separable lean only, trimmed to 1/8" fat, choice, raw
Beef, variety meats and by-products, brain, cooked, simmered
Beef, variety meats and by-products, heart, cooked, simmered
Beef, variety meats and by-products, kidneys, cooked, simmered
Beef, variety meats and by-products, liver, cooked, pan-fried
Beef, variety meats and by-products, tongue, cooked, simmered
Beef, variety meats and by-products, tripe, raw
Beet greens, raw
Beets, canned, drained solids
Beets, canned, no salt added, solids and liquids
Beets, pickled, canned, solids and liquids
Beets, raw
Beverage, instant breakfast powder, chocolate, not reconstituted
Beverage, instant breakfast powder, chocolate, sugar-free, not reconstituted
Beverages,  Energy drink, Citrus
Beverages, ABBOTT, EAS soy protein powder
Beverages, ABBOTT, EAS whey protein powder
Beverages, ABBOTT, ENSURE PLUS, ready-to-drink
Beverages, ABBOTT, ENSURE, Nutritional Shake, Ready-to-Drink
Beverages, Acai berry drink, fortified
Beverages, aloe vera juice drink, fortified with Vitamin C
Beverages, AMBER, hard cider
Beverages, Apple juice drink, light, fortified with vitamin C
Beverages, carbonated, club soda
Beverages, carbonated, cola, regular
Beverages, carbonated, cola, without caffeine
Beverages, carbonated, ginger ale
Beverages, carbonated, low calorie, cola or pepper-type, with aspartame, contains caffeine
Beverages, carbonated, low calorie, cola or pepper-type, with aspartame, without caffeine
Beverages, carbonated, low calorie, other than cola or pepper,  without caffeine
Beverages, carbonated, low calorie, other than cola or pepper, with aspartame, contains caffeine
Beverages, carbonated, root beer
Beverages, carbonated, SPRITE, lemon-lime, without caffeine
Beverages, carbonated, tonic water
Beverages, chocolate drink, milk and soy based, ready to drink, fortified
Beverages, chocolate powder, no sugar added
Beverages, chocolate-flavor beverage mix for milk, powder, with added nutrients
Beverages, Chocolate-flavored drink, whey and milk based
Beverages, COCA-COLA, POWERADE, lemon-lime flavored, ready-to-drink
Beverages, Cocoa mix, no sugar added, powder
Beverages, Cocoa mix, powder
Beverages, coconut milk, sweetened, fortified with calcium, vitamins A, B12, D2
Beverages, Coconut water, ready-to-drink, unsweetened
Beverages, coffee and cocoa, instant, decaffeinated, with whitener and low calorie sweetener
Beverages, coffee substitute, cereal grain beverage, prepared with water
Beverages, coffee, brewed, espresso, restaurant-prepared
Beverages, coffee, brewed, espresso, restaurant-prepared, decaffeinated
Beverages, coffee, brewed, prepared with tap water
Beverages, coffee, brewed, prepared with tap water, decaffeinated
Beverages, coffee, instant, decaffeinated, powder
Beverages, coffee, instant, regular, half the caffeine
Beverages, coffee, instant, regular, powder
Beverages, coffee, instant, vanilla, sweetened, decaffeinated, with non dairy creamer
Beverages, coffee, ready to drink, milk based, sweetened
Beverages, cranberry-apple juice drink, low calorie, with vitamin C added
Beverages, CYTOSPORT, Muscle Milk, ready-to-drink
Beverages, Energy Drink with carbonated water and high fructose corn syrup
Beverages, Energy drink, AMP
Beverages, Energy drink, AMP, sugar free
Beverages, Energy drink, FULL THROTTLE
Beverages, Energy Drink, Monster, fortified with vitamins C, B2, B3, B6, B12
Beverages, Energy drink, RED BULL
Beverages, Energy drink, RED BULL, sugar free, with added caffeine, niacin, pantothenic acid, vitamins B6 and B12
Beverages, Energy drink, ROCKSTAR
Beverages, Energy drink, ROCKSTAR, sugar free
Beverages, Energy Drink, sugar free
Beverages, Energy drink, VAULT Zero, sugar-free, citrus flavor
Beverages, Energy drink, VAULT, citrus flavor
Beverages, Fruit flavored drink containing less than 3% fruit juice, with high vitamin C
Beverages, Fruit flavored drink, less than 3% juice, not fortified with vitamin C
Beverages, fruit juice drink, greater than 3% fruit juice, high vitamin C and added thiamin
Beverages, fruit juice drink, greater than 3% juice, high vitamin C
Beverages, fruit juice drink, reduced sugar, with vitamin E added
Beverages, fruit-flavored drink, dry powdered mix, low calorie, with aspartame
Beverages, Lemonade fruit juice drink light, fortified with vitamin E and C
Beverages, lemonade-flavor drink, powder
Beverages, Malted drink mix, natural, powder, dairy based.
Beverages, Mixed vegetable and fruit juice drink, with added nutrients
Beverages, MONSTER energy drink, low carb
Beverages, NESTLE, Boost plus, nutritional drink, ready-to-drink
Beverages, nutritional shake mix, high protein, powder
Beverages, OCEAN SPRAY, Cran-Energy, Cranberry Energy Juice Drink
Beverages, orange breakfast drink, ready-to-drink, with added nutrients
Beverages, Orange juice, light, No pulp
Beverages, orange-flavor drink, breakfast type, powder
Beverages, OVALTINE, chocolate malt powder
Beverages, PEPSICO QUAKER, Gatorade G2, low calorie
Beverages, PEPSICO QUAKER, Gatorade, G performance O 2, ready-to-drink.
Beverages, POWERADE, Zero, Mixed Berry
Beverages, Protein powder soy based
Beverages, Protein powder whey based
Beverages, rice milk, unsweetened
Beverages, SLIMFAST, Meal replacement,  High Protein Shake, Ready-To-Drink, 3-2-1 plan
Beverages, tea, black, brewed, prepared with tap water
Beverages, tea, black, brewed, prepared with tap water, decaffeinated
Beverages, tea, black, ready to drink
Beverages, tea, black, ready to drink, decaffeinated
Beverages, tea, black, ready to drink, decaffeinated, diet
Beverages, tea, black, ready-to-drink, lemon, diet
Beverages, tea, black, ready-to-drink, lemon, sweetened
Beverages, tea, green, brewed, decaffeinated
Beverages, tea, green, brewed, regular
Beverages, tea, green, ready to drink, unsweetened
Beverages, tea, green, ready-to-drink, diet
Beverages, tea, green, ready-to-drink, sweetened
Beverages, tea, herb, brewed, chamomile
Beverages, tea, herb, other than chamomile, brewed
Beverages, tea, hibiscus, brewed
Beverages, tea, instant, decaffeinated, lemon, diet
Beverages, tea, instant, decaffeinated, unsweetened
Beverages, tea, instant, lemon, diet
Beverages, tea, instant, lemon, sweetened, powder
Beverages, tea, instant, lemon, unsweetened
Beverages, tea, instant, unsweetened, powder
Beverages, tea, Oolong, brewed
Beverages, tea, ready-to-drink, lemon, diet
Beverages, The COCA-COLA company, Glaceau Vitamin Water, Revive Fruit Punch, fortified
Beverages, The COCA-COLA company, Minute Maid, Lemonade
Beverages, THE COCA-COLA COMPANY, NOS energy drink, Original, grape, loaded cherry, charged citrus, fortified with vitamins B6 and B12
Beverages, THE COCA-COLA COMPANY, NOS Zero, energy drink, sugar-free with guarana, fortified with vitamins B6 and B12
Beverages, Tropical Punch, ready-to-drink
Beverages, UNILEVER, SLIMFAST Shake Mix, high protein, whey powder, 3-2-1 Plan,
Beverages, UNILEVER, SLIMFAST Shake Mix, powder, 3-2-1 Plan
Beverages, UNILEVER, SLIMFAST, meal replacement, regular, ready-to-drink,  3-2-1 Plan
Beverages, vegetable and fruit juice blend, 100% juice, with added vitamins A, C, E
Beverages, Vegetable and fruit juice drink, reduced calorie, with low-calorie sweetener, added vitamin C
Beverages, Water with added vitamins and minerals, bottles, sweetened, assorted fruit flavors
Beverages, water, tap, drinking
Beverages, water, tap, municipal
Beverages, Whey protein powder isolate
Beverages, Whiskey sour mix, bottled
Beverages, Wine, non-alcoholic
Beverages, yellow green colored citrus soft drink with caffeine
Biscuits, plain or buttermilk, refrigerated dough, higher fat, baked
Bison, ground, grass-fed, cooked
Blackberries, frozen, unsweetened
Blackberries, raw
Blackberry juice, canned
Blood sausage
Blueberries, canned, light syrup, drained
Blueberries, dried, sweetened
Blueberries, frozen, unsweetened (Includes foods for USDA's Food Distribution Program)
Blueberries, raw
Bologna, beef, low fat
Bologna, meat and poultry
Bratwurst, pork, cooked
Braunschweiger (a liver sausage), pork
Bread, chapati or roti, whole wheat, commercially prepared, frozen
Bread, cheese
Bread, cinnamon
Bread, cornbread, dry mix, prepared with 2% milk, 80% margarine, and eggs
Bread, crumbs, dry, grated, plain
Bread, egg
Bread, french or vienna (includes sourdough)
Bread, french or vienna, whole wheat
Bread, gluten-free, white, made with rice flour, corn starch, and/or tapioca
Bread, Italian
Bread, multi-grain (includes whole-grain)
Bread, naan, whole wheat, commercially prepared, refrigerated
Bread, oatmeal
Bread, pan dulce, sweet yeast bread
Bread, paratha, whole wheat, commercially prepared, frozen
Bread, pita, white, enriched
Bread, pita, whole-wheat
Bread, potato
Bread, protein (includes gluten)
Bread, pumpernickel
Bread, reduced-calorie, white
Bread, roll, Mexican, bollilo
Bread, rye
Bread, sticks, plain
Bread, stuffing, cornbread, dry mix, prepared
Bread, stuffing, dry mix
Bread, stuffing, dry mix, prepared
Bread, wheat
Bread, wheat, sprouted
Bread, white wheat
Bread, white, commercially prepared
Bread, whole-wheat, commercially prepared
Breadfruit, raw
Breakfast bar, corn flake crust with fruit
Breakfast bars, oats, sugar, raisins, coconut (include granola bar)
Broadbeans (fava beans), mature seeds, cooked, boiled, without salt
Broccoli raab, raw
Broccoli, chinese, raw
Broccoli, frozen, chopped, cooked, boiled, drained, without salt
Broccoli, raw
Brussels sprouts, frozen, cooked, boiled, drained, without salt
Brussels sprouts, raw
Buckwheat groats, roasted, cooked
Bulgur, cooked
Bulgur, dry
Burdock root, raw
Butter oil, anhydrous
Butter replacement, without fat, powder
Butter, light, stick, with salt
Butter, stick, salted
Butter, stick, unsalted
Butter, whipped, with salt
Buttermilk, low fat
Cabbage, chinese (pak-choi), raw
Cabbage, green, raw
Cabbage, kimchi
Cabbage, red, raw
Cabbage, savoy, raw
Cake, angelfood, dry mix, prepared
Cake, boston cream pie, commercially prepared
Cake, fruitcake, commercially prepared
Cake, gingerbread, dry mix
Cake, pound, commercially prepared, butter (includes fresh and frozen)
Cake, snack cakes, creme-filled, chocolate with frosting
Cake, snack cakes, creme-filled, sponge
Cake, sponge, commercially prepared
Cake, yellow, enriched, dry mix
Calcium as ingredient
Canadian bacon, cooked, pan-fried
Candied fruit
Candies, caramels
Candies, caramels, chocolate-flavor roll
Candies, chocolate covered, low sugar or low calorie
Candies, chocolate, dark, NFS (45-59% cacao solids 90%; 60-69% cacao solids 5%; 70-85% cacao solids 5%)
Candies, confectioner's coating, yogurt
Candies, fondant, prepared-from-recipe
Candies, fudge, chocolate, prepared-from-recipe
Candies, fudge, vanilla, prepared-from-recipe
Candies, gumdrops, starch jelly pieces
Candies, hard
Candies, hard, dietetic or low calorie (sorbitol)
Candies, HERSHEYS, PAYDAY Bar
Candies, KIT KAT Wafer Bar
Candies, MARS SNACKFOOD US, 3 MUSKETEERS Bar
Candies, MARS SNACKFOOD US, M&M's Milk Chocolate Candies
Candies, MARS SNACKFOOD US, M&M's Peanut Chocolate Candies
Candies, MARS SNACKFOOD US, MILKY WAY Bar
Candies, MARS SNACKFOOD US, SKITTLES Original Bite Size Candies
Candies, MARS SNACKFOOD US, SNICKERS Bar
Candies, MARS SNACKFOOD US, STARBURST Fruit Chews, Original fruits
Candies, MARS SNACKFOOD US, TWIX Caramel Cookie Bars
Candies, marshmallows
Candies, milk chocolate
Candies, milk chocolate coated raisins
Candies, milk chocolate, with rice cereal
Candies, MOUNDS Candy Bar
Candies, NESTLE, BABY RUTH Bar
Candies, NESTLE, BUTTERFINGER Bar
Candies, nougat, with almonds
Candies, peanut brittle, prepared-from-recipe
Candies, REESE'S Peanut Butter Cups
Candies, REESE'S PIECES Candy
Candies, semisweet chocolate
Candies, sweet chocolate
Candies, sweet chocolate coated fondant
Candies, white chocolate
Capers, canned
Carambola, (starfruit), raw
Carbonated beverage, chocolate-flavored soda
Carbonated beverage, cream soda
Carrot juice, canned
Carrots, baby, raw
Carrots, canned, no salt added, solids and liquids
Carrots, canned, regular pack, drained solids
Carrots, cooked, boiled, drained, without salt
Carrots, frozen, cooked, boiled, drained, without salt
Carrots, frozen, unprepared
Carrots, mature, raw
Cassava, raw
Catsup
Catsup, low sodium
Cauliflower, frozen, cooked, boiled, drained, without salt
Cauliflower, green, raw
Cauliflower, raw
Celery, raw
Cereals ready-to-eat, wheat germ, toasted, plain
Cereals, corn grits, white, regular and quick, enriched, dry
Cereals, CREAM OF RICE, dry
Cereals, CREAM OF WHEAT, instant, dry
Cereals, CREAM OF WHEAT, regular, 10 minute cooking, dry
Cereals, oats, instant, fortified, maple and brown sugar, dry
Cereals, oats, instant, fortified, plain, dry
Cereals, oats, regular and quick, not fortified, dry
Cereals, QUAKER, corn grits, instant, plain, dry
Cereals, QUAKER, QUAKER MultiGrain Oatmeal, dry
Cereals, whole wheat hot natural cereal, dry
Chard, swiss, raw
Chayote, fruit, raw
Cheese product, pasteurized process, American, reduced fat, fortified with vitamin D
Cheese product, pasteurized process, American, vitamin D fortified
Cheese puffs and twists, corn based, baked, low fat
Cheese sauce, prepared from recipe
Cheese spread, American or Cheddar cheese base, reduced fat
Cheese spread, cream cheese base
Cheese spread, pasteurized process, American
Cheese, American, nonfat or fat free
Cheese, American, restaurant
Cheese, blue
Cheese, brick
Cheese, brie
Cheese, camembert
Cheese, cheddar
Cheese, cheddar, nonfat or fat free
Cheese, cheddar, reduced fat (Includes foods for USDA's Food Distribution Program)
Cheese, colby
Cheese, cotija, solid
Cheese, cottage, lowfat, 1% milkfat
Cheese, cottage, lowfat, 1% milkfat, no sodium added
Cheese, cottage, lowfat, 2% milkfat
Cheese, cottage, nonfat, uncreamed, dry, large or small curd
Cheese, cream, fat free
Cheese, dry white, queso seco
Cheese, feta, whole milk, crumbled
Cheese, fontina
Cheese, goat, semisoft type
Cheese, gouda
Cheese, gruyere
Cheese, limburger
Cheese, low-sodium, cheddar or colby
Cheese, Mexican, blend, reduced fat
Cheese, mexican, queso anejo
Cheese, monterey jack, solid
Cheese, monterey, low fat
Cheese, mozzarella, low moisture, part-skim
Cheese, mozzarella, low sodium
Cheese, mozzarella, nonfat
Cheese, muenster
Cheese, muenster, low fat
Cheese, oaxaca, solid
Cheese, parmesan, grated
Cheese, parmesan, grated, refrigerated
Cheese, pasteurized process cheese food or product, American, singles
Cheese, pasteurized process, American, vitamin D fortified
Cheese, pasteurized process, cheddar or American, low sodium
Cheese, provolone, reduced fat
Cheese, provolone, sliced
Cheese, queso fresco, solid
Cheese, ricotta, part skim milk
Cheese, ricotta, whole milk
Cheese, swiss
Cheese, swiss, low fat
Cheese, swiss, low sodium
Cheese, Swiss, nonfat or fat free
Cherries, sour, red, canned, water pack, solids and liquids
Cherries, sweet, canned, water pack, solids and liquids
Cherries, sweet, dark red, raw
Cherries, tart, dried, sweetened (Includes foods for USDA's Food Distribution Program)
Chewing gum
Chewing gum, sugarless
Chicken breast, deli, rotisserie seasoned, sliced, prepackaged
Chicken patty, frozen, cooked
Chicken tenders, breaded, frozen, prepared
Chicken, broiler or fryers, breast, skinless, boneless, meat only, cooked, braised
Chicken, broiler or fryers, breast, skinless, boneless, meat only, raw
Chicken, broiler, rotisserie, BBQ, breast, meat and skin
Chicken, broiler, rotisserie, BBQ, breast, meat only
Chicken, broiler, rotisserie, BBQ, drumstick, meat and skin
Chicken, broiler, rotisserie, BBQ, drumstick, meat only
Chicken, broiler, rotisserie, BBQ, thigh, meat and skin
Chicken, broiler, rotisserie, BBQ, thigh, meat only
Chicken, broiler, rotisserie, BBQ, wing, meat and skin
Chicken, broilers or fryers, back, meat and skin, cooked, roasted
Chicken, broilers or fryers, breast, skinless, boneless, meat only, with added solution, raw
Chicken, broilers or fryers, dark meat, drumstick, meat and skin, cooked, braised
Chicken, broilers or fryers, dark meat, drumstick, meat only, cooked, roasted
Chicken, broilers or fryers, dark meat, thigh, meat and skin, cooked, braised
Chicken, broilers or fryers, dark meat, thigh, meat only, cooked, braised
Chicken, broilers or fryers, drumstick, meat and skin, cooked, roasted
Chicken, broilers or fryers, drumstick, meat only, cooked, braised
Chicken, broilers or fryers, giblets, cooked, simmered
Chicken, broilers or fryers, neck, meat and skin, cooked simmered
Chicken, broilers or fryers, skin only, cooked, roasted
Chicken, broilers or fryers, skin only, raw
Chicken, broilers or fryers, thigh, meat and skin, cooked, roasted
Chicken, broilers or fryers, thigh, meat only, cooked, roasted
Chicken, broilers or fryers, wing, meat and skin, cooked, roasted
Chicken, broilers or fryers, wing, meat and skin, cooked, stewed
Chicken, canned, no broth
Chicken, cornish game hens, meat and skin, cooked, roasted
Chicken, cornish game hens, meat only, cooked, roasted
Chicken, feet, boiled
Chicken, gizzard, all classes, cooked, simmered
Chicken, liver, all classes, cooked, simmered
Chicken, liver, all classes, raw
Chicken, meatless
Chicken, meatless, breaded, fried
Chicken, nuggets, dark and white meat, precooked, frozen, not reheated
Chickpeas (garbanzo beans, bengal gram), mature seeds, canned, solids and liquids, low sodium
Chickpeas (garbanzo beans, bengal gram), mature seeds, cooked, boiled, without salt
Chickpeas (garbanzo beans, bengal gram), mature seeds, raw
Child formula, ABBOTT NUTRITION, PEDIASURE, ready-to-feed
Chives, raw
Chocolate-flavored hazelnut spread
Cinnamon buns, frosted (includes honey buns)
Clif Z bar
Cocoa, dry powder, unsweetened
Collards, frozen, chopped, cooked, boiled, drained, without salt
Collards, raw
Cookie, butter or sugar, with chocolate icing or filling
Cookie, chocolate, with icing or coating
Cookie, vanilla with caramel, coconut, and chocolate coating
Cookie, with peanut butter filling, chocolate-coated
Cookies, animal crackers (includes arrowroot, tea biscuits)
Cookies, animal, with frosting or icing
Cookies, brownies, commercially prepared
Cookies, brownies, commercially prepared, reduced fat, with added fiber
Cookies, butter, commercially prepared, enriched
Cookies, chocolate chip sandwich, with creme filling
Cookies, chocolate chip, commercially prepared, regular, higher fat, enriched
Cookies, chocolate chip, commercially prepared, regular, lower fat
Cookies, chocolate chip, commercially prepared, special dietary
Cookies, chocolate cream covered biscuit sticks
Cookies, chocolate sandwich, with creme filling, reduced fat
Cookies, chocolate sandwich, with creme filling, regular
Cookies, chocolate sandwich, with creme filling, special dietary
Cookies, chocolate sandwich, with extra creme filling
Cookies, chocolate wafers
Cookies, chocolate, made with rice cereal
Cookies, coconut macaroon
Cookies, fig bars
Cookies, fortune
Cookies, gingersnaps
Cookies, gluten-free, chocolate sandwich, with creme filling
Cookies, graham crackers, chocolate-coated
Cookies, graham crackers, plain or honey (includes cinnamon)
Cookies, graham crackers, plain or honey, lowfat
Cookies, ladyfingers, with lemon juice and rind
Cookies, Marie biscuit
Cookies, marshmallow, chocolate-coated (includes marshmallow pies)
Cookies, marshmallow, with rice cereal and chocolate chips
Cookies, molasses
Cookies, oatmeal sandwich, with creme filling
Cookies, oatmeal, commercially prepared, regular
Cookies, oatmeal, commercially prepared, special dietary
Cookies, oatmeal, reduced fat
Cookies, peanut butter sandwich, regular
Cookies, peanut butter, commercially prepared, regular
Cookies, peanut butter, commercially prepared, sugar free
Cookies, raisin, soft-type
Cookies, shortbread, commercially prepared, plain
Cookies, shortbread, reduced fat
Cookies, sugar wafer, chocolate-covered
Cookies, sugar wafer, with creme filling, sugar free
Cookies, sugar wafers with creme filling, regular
Cookies, sugar, commercially prepared, regular (includes vanilla)
Cookies, vanilla sandwich with creme filling
Cookies, vanilla sandwich with creme filling, reduced fat
Cookies, vanilla wafers, higher fat
Cookies, vanilla wafers, lower fat
Coriander (cilantro) leaves, raw
Corn dogs, frozen, prepared
Corn flour, masa, enriched, white
Corn flour, masa, unenriched, white
Corn, sweet, yellow, canned, cream style, regular pack
Corn, sweet, yellow, canned, no salt added, solids and liquids (Includes foods for USDA's Food Distribution Program)
Corn, sweet, yellow, canned, whole kernel, drained solids
Corn, sweet, yellow, frozen, kernels cut off cob, boiled, drained, without salt
Corn, sweet, yellow, raw
Cornmeal, degermed, enriched, yellow
Cornmeal, degermed, unenriched, yellow
Cornstarch
Cottage cheese, full fat, large or small curd
Couscous, cooked
Cowpeas (blackeyes), immature seeds, frozen, cooked, boiled, drained, without salt
Cowpeas, common (blackeyes, crowder, southern), mature seeds, cooked, boiled, without salt
Crackers, cheese, low sodium
Crackers, cheese, reduced fat
Crackers, cheese, regular
Crackers, cheese, whole grain
Crackers, crispbread, rye
Crackers, gluten-free, multi-seeded and multigrain
Crackers, matzo, plain
Crackers, melba toast, plain
Crackers, milk
Crackers, multigrain
Crackers, saltines (includes oyster, soda, soup)
Crackers, saltines, fat-free, low-sodium
Crackers, saltines, low salt (includes oyster, soda, soup)
Crackers, saltines, whole wheat (includes multi-grain)
Crackers, sandwich-type, peanut butter filled, reduced fat
Crackers, standard snack-type, regular
Crackers, standard snack-type, sandwich, with cheese filling
Crackers, standard snack-type, sandwich, with peanut butter filling
Crackers, water biscuits
Crackers, wheat, reduced fat
Crackers, wheat, regular
Crackers, whole grain, sandwich-type, with peanut butter filling
Crackers, whole-wheat
Crackers, whole-wheat, low salt
Crackers, whole-wheat, reduced fat
Cranberries, dried, sweetened (Includes foods for USDA's Food Distribution Program)
Cranberries, raw
Cranberry juice blend, 100% juice, bottled, with added vitamin C and calcium
Cranberry juice cocktail, bottled
Cranberry juice, not fortified, from concentrate, shelf stable
Cranberry sauce, canned, sweetened
Cream cheese, full fat, block
Cream puff shell, prepared from recipe
Cream puff, eclair, custard or cream filled, iced
Cream substitute, flavored, liquid
Cream substitute, flavored, powdered
Cream substitute, liquid, light
Cream substitute, liquid, with hydrogenated vegetable oil and soy protein
Cream substitute, powdered
Cream substitute, powdered, light
Cream, fluid, half and half
Cream, fluid, light (coffee cream or table cream)
Cream, half and half, fat free
Cream, heavy
Cream, sour, full fat
Cream, whipped, cream topping, pressurized
Creamy dressing, made with sour cream and/or buttermilk and oil, reduced calorie
Creamy dressing, made with sour cream and/or buttermilk and oil, reduced calorie, fat-free
Cress, garden, raw
Croissants, butter
Croissants, cheese
Croutons, seasoned
Crustaceans, crab, alaska king, imitation, made from surimi
Crustaceans, crab, blue, canned
Crustaceans, crab, blue, cooked, moist heat
Crustaceans, crayfish, mixed species, wild, raw
Crustaceans, lobster, northern, cooked, moist heat
Crustaceans, lobster, northern, raw
Crustaceans, shrimp, mixed species, canned
Crustaceans, shrimp, mixed species, cooked, moist heat (may contain additives to retain moisture)
Crustaceans, shrimp, mixed species, raw (may contain additives to retain moisture)
Cucumber, with peel, raw
Currants, zante, dried
Dandelion greens, raw
Danish pastry, cheese
Danish pastry, cinnamon, enriched
Danish pastry, fruit, enriched (includes apple, cinnamon, raisin, lemon, raspberry, strawberry)
Dates, deglet noor
Dessert topping, semi solid, frozen
Dip, bean, original flavor
Dip, salsa con queso, cheese and salsa- medium
Doughnuts, cake-type, plain (includes unsugared, old-fashioned)
Doughnuts, yeast-leavened, glazed, enriched (includes honey buns)
Dove, cooked (includes squab)
Dressing, honey mustard, fat-free
Duck, domesticated, meat and skin, cooked, roasted
Duck, domesticated, meat only, cooked, roasted
Dulce de Leche
Dumpling, potato- or cheese-filled, frozen
Edamame, frozen, prepared
Egg rolls, vegetable, frozen, prepared
Egg substitute, liquid or frozen, fat free
Egg, duck, whole, fresh, raw
Egg, goose, whole, fresh, raw
Egg, quail, whole, fresh, raw
Egg, whole, cooked, hard-boiled
Egg, whole, dried
Eggnog
Eggplant, raw
Eggs, Grade A, Large, egg white
Eggs, Grade A, Large, egg whole
Eggs, Grade A, Large, egg yolk
Escarole, cooked, boiled, drained, no salt added
Fast food, biscuit
Fast Food, Pizza Chain, 14" pizza, cheese topping, regular crust
Fast Food, Pizza Chain, 14" pizza, cheese topping, stuffed crust
Fast Food, Pizza Chain, 14" pizza, cheese topping, thick crust
Fast Food, Pizza Chain, 14" pizza, pepperoni topping, regular crust
Fast Food, Pizza Chain, 14" pizza, pepperoni topping, thick crust
Fast Food, Pizza Chain, 14" pizza, sausage topping, regular crust
Fast Food, Pizza Chain, 14" pizza, sausage topping, thick crust
Fast foods, breadstick, soft, prepared with garlic and parmesan cheese
Fast foods, cheeseburger; double, regular patty; double decker bun with condiments and special sauce
Fast foods, cheeseburger; double, regular patty; with condiments
Fast foods, cheeseburger; single, large patty; with condiments
Fast foods, cheeseburger; single, large patty; with condiments, vegetables and mayonnaise
Fast foods, cheeseburger; single, regular patty, with condiments
Fast foods, chicken tenders
Fast foods, chicken, breaded and fried, boneless pieces, plain
Fast foods, french toast sticks
Fast Foods, Fried Chicken, Breast, meat and skin and breading
Fast Foods, Fried Chicken, Breast, meat only, skin and breading removed
Fast Foods, Fried Chicken, Drumstick, meat and skin with breading
Fast Foods, Fried Chicken, Drumstick, meat only, skin and breading removed
Fast Foods, Fried Chicken, Thigh, meat and skin and breading
Fast Foods, Fried Chicken, Thigh, meat only, skin and breading removed
Fast Foods, Fried Chicken, Wing, meat and skin and breading
Fast foods, hamburger, large, single patty, with condiments
Fast foods, hamburger; single, large patty; with condiments, vegetables and mayonnaise
Fast foods, hamburger; single, regular patty; with condiments
Fast foods, hush puppies
Fast foods, onion rings, breaded and fried
Fast foods, potato, french fried in vegetable oil
Fast foods, potato, mashed
Fast foods, potatoes, hash browns, round pieces or patty
Fast foods, strawberry banana smoothie made with ice and low-fat yogurt
Fat, beef tallow
Fat, chicken
Fat, turkey
Fennel, bulb, raw
Fiber, total dietary, as ingredient
Figs, dried, uncooked
Figs, raw
Fish broth
Fish, anchovy, european, canned in oil, drained solids
Fish, carp, raw
Fish, catfish, channel, farmed, raw
Fish, caviar, black and red, granular
Fish, cod, Atlantic, canned, solids and liquid
Fish, cod, Atlantic, cooked, dry heat
Fish, cod, Pacific, cooked, dry heat (may contain additives to retain moisture)
Fish, cod, Pacific, raw (may have been previously frozen)
Fish, croaker, Atlantic, raw
Fish, eel, mixed species, raw
Fish, fish sticks, frozen, prepared
Fish, flatfish (flounder and sole species), raw
Fish, haddock, raw
Fish, haddock, smoked
Fish, halibut, Atlantic and Pacific, raw
Fish, herring, Atlantic, pickled
Fish, herring, Atlantic, raw
Fish, mackerel, jack, canned, drained solids
Fish, mackerel, Pacific and jack, mixed species, raw
Fish, mullet, striped, raw
Fish, ocean perch, Atlantic, raw
Fish, perch, mixed species, raw
Fish, pike, northern, raw
Fish, pollock, raw
Fish, pompano, florida, raw
Fish, salmon, Atlantic, farmed, raw
Fish, salmon, chinook, smoked
Fish, Salmon, pink, canned, drained solids, without skin and bones
Fish, salmon, pink, canned, total can contents
Fish, salmon, pink, raw
Fish, salmon, sockeye, raw
Fish, sardine, Atlantic, canned in oil, drained solids with bone
Fish, sea bass, mixed species, raw
Fish, shark, mixed species, raw
Fish, snapper, mixed species, raw
Fish, swordfish, raw
Fish, tilapia, raw
Fish, trout, rainbow, farmed, raw
Fish, tuna, fresh, yellowfin, raw
Fish, tuna, light, canned in water, drained solids
Fish, whiting, mixed species, raw
Flaxseed, ground
Flour, bread, white, enriched, unbleached
Flour, buckwheat
Flour, corn, yellow, fine meal, enriched
Flour, pastry, unenriched, unbleached
Flour, potato
Flour, rice, glutinous
Flour, rice, white, unenriched
Flour, soy, defatted
Flour, soy, full-fat
Flour, wheat, all-purpose, enriched, bleached
Flour, wheat, all-purpose, unenriched, unbleached
Flour, whole wheat, unenriched
Fluid replacement, electrolyte solution (include PEDIALYTE)
Focaccia, Italian flatbread, plain
Folic acid as ingredient
Formulated bar, high fiber, chewy, oats and chocolate
Formulated bar, MARS SNACKFOOD US, SNICKERS MARATHON Protein Performance Bar, Caramel Nut Rush
Formulated bar, POWER BAR, chocolate
Formulated bar, SLIM-FAST OPTIMA meal bar, milk chocolate peanut
Formulated Bar, SOUTH BEACH protein bar
Formulated bar, ZONE PERFECT CLASSIC CRUNCH BAR, mixed flavors
Frankfurter, beef, unheated
Frankfurter, low sodium
Frankfurter, meat and poultry, low fat
Frankfurter, meat and poultry, unheated
Frankfurter, meatless
Frankfurter, turkey
Frog legs, raw
Frostings, chocolate, creamy, ready-to-eat
Frostings, vanilla, creamy, ready-to-eat
Frozen novelties, fruit and juice bars
Frozen novelties, ice cream type, chocolate or caramel covered, with nuts
Frozen novelties, ice type, lime
Frozen novelties, ice type, pop
Frozen novelties, ice type, pop, with low calorie sweetener
Frozen novelties, juice type, orange
Frozen novelties, No Sugar Added, FUDGSICLE pops
Frozen yogurts, chocolate
Frozen yogurts, flavors other than chocolate
Frozen yogurts, vanilla, soft-serve
Fruit butters, apple
Fruit cocktail, (peach and pineapple and pear and grape and cherry), canned, water pack, solids and liquids
Fruit juice smoothie, NAKED JUICE, GREEN MACHINE
Fruit juice smoothie, NAKED JUICE, strawberry banana
Fruit syrup
Game meat, bear, cooked, simmered
Game meat, beaver, cooked, roasted
Game meat, boar, wild, cooked, roasted
Game meat, caribou, cooked, roasted
Game meat, deer, ground, cooked, pan-broiled
Game meat, deer, ground, raw
Game meat, deer, loin, separable lean only, 1" steak, cooked, broiled
Game meat, deer, shoulder clod, separable lean only, cooked, braised
Game meat, goat, cooked, roasted
Game meat, moose, cooked, roasted
Game meat, opossum, cooked, roasted
Game meat, rabbit, domesticated, composite of cuts, cooked, stewed
Game meat, raccoon, cooked, roasted
Game meat, squirrel, cooked, roasted
Garlic bread, frozen
Garlic, raw
Gelatin desserts, dry mix, prepared with water
Gelatin desserts, dry mix, reduced calorie, with aspartame, prepared with water
Ginger root, pickled, canned, with artificial sweetener
Ginger root, raw
Goose, domesticated, meat and skin, cooked, roasted
Granola bar, soft, milk chocolate coated, peanut butter
Grape juice, canned or bottled, unsweetened, with added ascorbic acid and calcium
Grape juice, canned or bottled, unsweetened, without added ascorbic acid
Grape juice, purple, with added vitamin C, from concentrate, shelf stable
Grape juice, white, with added vitamin C, from concentrate, shelf stable
Grape leaves, raw
Grapefruit juice, pink or red, with added calcium
Grapefruit juice, red, not fortified, not from concentrate, refrigerated
Grapefruit juice, white, canned or bottled, unsweetened
Grapefruit juice, white, raw
Grapefruit, raw, pink and red, all areas
Grapefruit, sections, canned, water pack, solids and liquids
Grapes, green, seedless, raw
Grapes, red, seedless, raw
Gravy, beef, canned, ready-to-serve
Gravy, chicken, canned or bottled, ready-to-serve
Guanabana nectar, canned
Guava nectar, with sucralose, canned
Guava sauce, cooked
Guavas, common, raw
Ham salad spread
Ham, sliced, pre-packaged, deli meat (96%fat free, water added)
Ham, sliced, restaurant
Headcheese, pork
Hearts of palm, raw
Hominy, canned, white
Honey
Horseradish, prepared
Hummus, commercial
Ice cream bar, stick or nugget, with crunch coating
Ice cream cone, chocolate covered, with nuts, flavors other than chocolate
Ice cream cones, cake or wafer-type
Ice cream cones, sugar, rolled-type
Ice cream, bar or stick, chocolate covered
Ice creams, chocolate
Ice creams, chocolate, light
Ice creams, chocolate, light, no sugar added
Ice creams, chocolate, rich
Ice creams, vanilla
Ice creams, vanilla, light
Ice creams, vanilla, light, no sugar added
Ice creams, vanilla, rich
Imitation cheese, american or cheddar, low cholesterol
Infant formula, ABBOTT NUTRITION, SIMILAC NEOSURE, ready-to-feed, with ARA and DHA
Infant formula, ABBOTT NUTRITION, SIMILAC, ADVANCE, with iron, powder, not reconstituted
Infant formula, ABBOTT NUTRITION, SIMILAC, ALIMENTUM, ADVANCE, ready-to-feed, with ARA and DHA
Infant formula, ABBOTT NUTRITION, SIMILAC, Expert Care, Diarrhea, ready- to- feed with ARA and DHA
Infant formula, ABBOTT NUTRITION, SIMILAC, For Spit Up, powder, with ARA and DHA
Infant formula, ABBOTT NUTRITION, SIMILAC, GO AND GROW, powder, with ARA and DHA
Infant formula, ABBOTT NUTRITION, SIMILAC, ISOMIL, ADVANCE with iron, powder, not reconstituted
Infant formula, ABBOTT NUTRITION, SIMILAC, PM 60/40, powder not reconstituted
Infant formula, ABBOTT NUTRITION, SIMILAC, SENSITIVE, (LACTOSE FREE), powder, with ARA and DHA
Infant formula, GERBER, GOOD START, PROTECT PLUS, powder
Infant formula, MEAD JOHNSON, ENFAMIL, AR, powder, with ARA and DHA
Infant Formula, MEAD JOHNSON, ENFAMIL, ENFACARE, ready-to-feed, with ARA and DHA
Infant formula, MEAD JOHNSON, ENFAMIL, ENFAGROW, GENTLEASE, Toddler transitions, with ARA and DHA, powder
Infant Formula, MEAD JOHNSON, ENFAMIL, GENTLEASE, with ARA and DHA powder not reconstituted
Infant formula, MEAD JOHNSON, ENFAMIL, NUTRAMIGEN WITH LGG, with iron, powder, not reconstituted, with ARA and DHA
Infant formula, MEAD JOHNSON, ENFAMIL, NUTRAMIGEN, PurAmino, powder, not reconstituted
Infant Formula, MEAD JOHNSON, ENFAMIL, Premium LIPIL, Infant, powder
Infant formula, MEAD JOHNSON, ENFAMIL, PROSOBEE, with iron, powder, not reconstituted, with ARA and DHA
Infant formula, MEAD JOHNSON, PREGESTIMIL, with iron, powder, with ARA and DHA, not reconstituted
Infant formula, NESTLE, GOOD START SOY, with ARA and DHA, powder
Iron as ingredient
Jams and preserves
Jams, preserves, marmalade, reduced sugar
Jams, preserves, marmalades, sweetened with fruit juice
Jellies
Jellies, no sugar (with sodium saccharin), any flavors
Juice, apple and grape blend, with added ascorbic acid
Kale, frozen, cooked, boiled, drained, without salt
Kale, raw
Kefir, lowfat, plain, LIFEWAY
Kefir, lowfat, strawberry, LIFEWAY
Ketchup, restaurant
Kielbasa, fully cooked, grilled
Kiwifruit, green, raw
Knackwurst, knockwurst, pork, beef
Kohlrabi, raw
Kumquats, raw
Lamb, composite of trimmed retail cuts, separable lean and fat, trimmed to 1/4" fat, choice, cooked
Lamb, ground, cooked, broiled
Lamb, ground, raw
Lamb, loin, separable lean and fat, trimmed to 1/4" fat, choice, cooked, broiled
Lamb, loin, separable lean only, trimmed to 1/4" fat, choice, cooked, broiled
Lambsquarters, cooked, boiled, drained, without salt
Lard
Lasagna with meat & sauce, frozen entree
Lasagna, cheese, frozen, prepared
Leavening agents, baking powder, double-acting, sodium aluminum sulfate
Leavening agents, baking powder, double-acting, straight phosphate
Leavening agents, baking soda
Leavening agents, yeast, baker's, active dry
Leavening agents, yeast, baker's, compressed
Leeks, (bulb and lower leaf-portion), raw
Lemon juice from concentrate, canned or bottled
Lemon juice, raw
Lemon peel, raw
Lemonade, frozen concentrate, white
Lemons, raw, without peel
Lentils, mature seeds, cooked, boiled, without salt
Lentils, raw
Lettuce, iceberg, raw
Lettuce, leaf, green, raw
Lettuce, leaf, red, raw
Lettuce, romaine, green, raw
Light ice cream, Creamsicle
Light Ice Cream, soft serve, blended with cookie pieces
Light Ice Cream, soft serve, blended with milk chocolate candies
Lima beans, immature seeds, frozen, fordhook, cooked, boiled, drained, without salt
Lima beans, large, mature seeds, cooked, boiled, without salt
Lime juice, canned or bottled, unsweetened
Lime juice, raw
Limes, raw
Litchis, raw
Lotus root, cooked, boiled, drained, without salt
LOW SODIUM: Tomato juice, canned
Luncheon meat, pork with ham, minced, canned, includes Spam (Hormel)
Luncheon meat, pork, ham, and chicken, minced, canned, reduced sodium, added ascorbic acid, includes SPAM, 25% less sodium
Luncheon slices, meatless
Macaroni and cheese dinner with dry sauce mix, boxed, uncooked
Macaroni and Cheese, canned entree
Macaroni or noodles with cheese, made from reduced fat packaged mix, unprepared
Macaroni or noodles with cheese, microwaveable, unprepared
Macaroni, vegetable, enriched, cooked
Malt beverage, includes non-alcoholic beer
Mango nectar, canned
Mango, dried, sweetened
Mangos, raw
Maraschino cherries, canned, drained
Margarine, regular, 80% fat, composite, stick, with salt
Margarine, regular, 80% fat, composite, stick, with salt, with added vitamin D
Margarine,spread, 35-39% fat, tub
Margarine-like, vegetable oil spread, 60% fat, tub, with salt
Margarine-like, vegetable oil spread, 60% fat, tub, with salt, with added vitamin D
Margarine-like, vegetable oil spread, approximately 37% fat, unspecified oils, with salt, with added vitamin D
Marmalade, orange
Mayonnaise, reduced fat, with olive oil
Meatballs, meatless
Melons, cantaloupe, raw
Melons, honeydew, raw
Milk and cereal bar
Milk, buttermilk, dried
Milk, canned, condensed, sweetened
Milk, canned, evaporated, nonfat, with added vitamin A and vitamin D
Milk, canned, evaporated, with added vitamin D and without added vitamin A
Milk, chocolate, fat free, with added vitamin A and vitamin D
Milk, chocolate, fluid, commercial, reduced fat, with added vitamin A and vitamin D
Milk, chocolate, fluid, commercial, whole, with added vitamin A and vitamin D
Milk, chocolate, lowfat, with added vitamin A and vitamin D
Milk, dry, nonfat, regular, with added vitamin A and vitamin D
Milk, dry, nonfat, regular, without added vitamin A and vitamin D
Milk, dry, whole, with added vitamin D
Milk, goat, fluid, with added vitamin D
Milk, lowfat, fluid, 1% milkfat, with added vitamin A and vitamin D
Milk, nonfat, fluid, with added vitamin A and vitamin D (fat free or skim)
Milk, nonfat, fluid, without added vitamin A and vitamin D (fat free or skim)
Milk, reduced fat, fluid, 2% milkfat, with added vitamin A and vitamin D
Milk, whole, 3.25% milkfat, with added vitamin D
Milk, whole, 3.25% milkfat, without added vitamin A and vitamin D
Millet, cooked
Millet, puffed
Miso
Molasses
Mollusks, abalone, mixed species, raw
Mollusks, clam, mixed species, canned, drained solids
Mollusks, clam, mixed species, canned, liquid
Mollusks, clam, mixed species, raw
Mollusks, mussel, blue, raw
Mollusks, octopus, common, raw
Mollusks, oyster, eastern, canned
Mollusks, oyster, eastern, wild, raw
Mollusks, scallop, mixed species, raw
Mollusks, snail, raw
Mollusks, squid, mixed species, raw
Mortadella, beef, pork
Muffin, blueberry, commercially prepared, low-fat
Muffins, blueberry, commercially prepared (Includes mini-muffins)
Muffins, corn, commercially prepared
Muffins, English, plain, enriched, with ca prop (includes sourdough)
Muffins, English, wheat
Muffins, oat bran
Mung beans, mature seeds, cooked, boiled, without salt
Mung beans, mature seeds, sprouted, cooked, boiled, drained, without salt
Mung beans, mature seeds, sprouted, raw
Mushroom, crimini
Mushroom, portabella
Mushrooms, canned, drained solids
Mushrooms, shiitake
Mushrooms, white button
Mustard greens, frozen, cooked, boiled, drained, without salt
Mustard greens, raw
Mustard, prepared, yellow
Natto
Nectarines, raw
Noodles, chinese, cellophane or long rice (mung beans), dehydrated
Noodles, chinese, chow mein
Noodles, egg, dry, enriched
Noodles, egg, enriched, cooked
Noodles, flat, crunchy, Chinese restaurant
Nopales, raw
Nutritional supplement for people with diabetes, liquid
Nuts, almond paste
Nuts, almonds, dry roasted, without salt added
Nuts, almonds, whole, raw
Nuts, brazilnuts, dried, unblanched
Nuts, cashew butter, plain, with salt added
Nuts, cashew nuts, dry roasted, without salt added
Nuts, chestnuts, european, roasted
Nuts, coconut cream, canned, sweetened
Nuts, coconut meat, dried (desiccated), sweetened, flaked, packaged
Nuts, coconut meat, raw
Nuts, coconut milk, raw (liquid expressed from grated meat and water)
Nuts, hazelnuts or filberts
Nuts, macadamia nuts, dry roasted, with salt added
Nuts, pecans, halves, raw
Nuts, pine nuts, dried
Nuts, pistachio nuts, dry roasted, without salt added
Nuts, walnuts, English, halves, raw
Oat bran, raw
Oil, almond
Oil, canola
Oil, coconut
Oil, corn
Oil, cottonseed, salad or cooking
Oil, flaxseed, cold pressed
Oil, industrial, canola, high oleic
Oil, industrial, coconut, confection fat, typical basis for ice cream coatings
Oil, industrial, soy, fully hydrogenated
Oil, industrial, soy, low linolenic
Oil, industrial, soy, ultra low linolenic
Oil, olive, extra light
Oil, olive, extra virgin
Oil, PAM cooking spray, original
Oil, peanut
Oil, safflower
Oil, sesame, salad or cooking
Oil, soybean
Oil, sunflower
Oil, walnut
Oil, wheat germ
Okra, frozen, cooked, boiled, drained, without salt
Okra, raw
Olives, green, Manzanilla, stuffed with pimiento
Olives, pickled, canned or bottled, green
Olives, ripe, canned (small-extra large)
Onion rings, breaded, par fried, frozen, prepared, heated in oven
Onions, cooked, boiled, drained, without salt
Onions, frozen, whole, cooked, boiled, drained, without salt
Onions, raw
Onions, red, raw
Onions, spring or scallions (includes tops and bulb), raw
Onions, white, raw
Onions, yellow, raw
Orange juice, canned, unsweetened
Orange juice, frozen concentrate, unsweetened, undiluted
Orange juice, frozen concentrate, unsweetened, undiluted, with added calcium
Orange juice, no pulp, not fortified, from concentrate, refrigerated
Orange juice, no pulp, not fortified, not from concentrate, refrigerated
Oranges, raw, all commercial varieties
Oranges, raw, navels
Ostrich, ground, cooked, pan-broiled
Pancakes plain, frozen, ready-to-heat (includes buttermilk)
Pancakes, gluten-free, frozen, ready-to-heat
Pancakes, plain, dry mix, incomplete (includes buttermilk)
Pancakes, whole wheat, dry mix, incomplete
Papad
Papaya nectar, canned
Papayas, raw
Parmesan cheese topping, fat free
Parsley, fresh
Parsnips, cooked, boiled, drained, without salt
Passion-fruit juice, purple, raw
Passion-fruit, (granadilla), purple, raw
Pasta mix, classic beef, unprepared
Pasta mix, classic cheeseburger macaroni, unprepared
Pasta mix, Italian lasagna, unprepared
Pasta, cooked, enriched, without added salt
Pasta, dry, enriched
Pasta, gluten-free, corn and rice flour, cooked
Pasta, whole-wheat, cooked (Includes foods for USDA's Food Distribution Program)
Pate, chicken liver, canned
Peach nectar, canned, with sucralose, without added ascorbic acid
Peaches, canned, water pack, solids and liquids
Peaches, dried, sulfured, uncooked
Peaches, yellow, raw
Peanut butter, smooth style, with salt (Includes foods for USDA's Food Distribution Program)
Peanut butter, smooth style, without salt
Peanut butter, smooth, reduced fat
Peanut butter, smooth, vitamin and mineral fortified
Peanut spread, reduced sugar
Peanuts, all types, cooked, boiled, with salt
Peanuts, all types, dry-roasted, with salt
Peanuts, all types, dry-roasted, without salt
Peanuts, all types, oil-roasted, with salt
Peanuts, all types, oil-roasted, without salt
Peanuts, all types, raw
Pear nectar, canned, without added ascorbic acid
Pears, asian, raw
Pears, canned, water pack, solids and liquids
Pears, dried, sulfured, uncooked
Pears, raw
Pears, raw, bartlett
Peas, edible-podded, frozen, cooked, boiled, drained, without salt
Peas, edible-podded, raw
Peas, green (includes baby and lesuer types), canned, drained solids, unprepared
Peas, green, canned, no salt added, solids and liquids
Peas, green, frozen, cooked, boiled, drained, without salt
Peas, green, raw
Peas, split, mature seeds, cooked, boiled, without salt
Pepper, banana, raw
Pepperoni, beef and pork, sliced
Peppers, bell, green, raw
Peppers, bell, red, raw
Peppers, hot chili, red, raw
Peppers, hot pickled, canned
Peppers, jalapeno, raw
Peppers, serrano, raw
Peppers, sweet, green, cooked, boiled, drained, without salt
Persimmons, japanese, raw
Pheasant, cooked, total edible
Phyllo dough
Pickle and pimiento loaf, pork
Pickle relish, sweet
Pickles, cucumber, dill or kosher dill
Pickles, cucumber, sweet (includes bread and butter pickles)
Pie Crust, Cookie-type, Graham Cracker, Ready Crust
Pie crust, standard-type, frozen, ready-to-bake, enriched, baked
Pie fillings, apple, canned
Pie fillings, blueberry, canned
Pie, egg custard, commercially prepared
Pie, fried pies, fruit
Pimento, canned
Pineapple juice, canned or bottled, unsweetened, with added ascorbic acid
Pineapple juice, canned or bottled, unsweetened, without added ascorbic acid
Pineapple, canned, water pack, solids and liquids
Pineapple, raw
Pizza rolls, frozen, unprepared
Pizza, cheese topping, regular crust, frozen, cooked
Pizza, cheese topping, thin crust, frozen, cooked
Pizza, meat and vegetable topping, regular crust, frozen, cooked
Plantains, yellow, raw
Plums, dried (prunes), uncooked
Plums, raw
Pokeberry shoots, (poke), cooked, boiled, drained, without salt
Pomegranate juice, bottled
Pomegranates, raw
Pork sausage, link/patty, cooked, pan-fried
Pork sausage, link/patty, reduced fat, cooked, pan-fried
Pork, cured, bacon, cooked, broiled, pan-fried or roasted, reduced sodium
Pork, cured, bacon, cooked, restaurant
Pork, cured, bacon, pre-sliced, cooked, pan-fried
Pork, cured, feet, pickled
Pork, cured, ham -- water added, whole, boneless, separable lean and fat, heated, roasted
Pork, cured, ham -- water added, whole, boneless, separable lean only, heated, roasted
Pork, cured, ham and water product, whole, boneless, separable lean and fat, heated, roasted
Pork, cured, ham and water product, whole, boneless, separable lean only, heated, roasted
Pork, cured, ham with natural juices, whole, boneless, separable lean and fat, heated, roasted
Pork, cured, ham with natural juices, whole, boneless, separable lean only, heated, roasted
Pork, cured, ham, boneless, extra lean and regular, unheated
Pork, cured, ham, boneless, regular (approximately 11% fat), roasted
Pork, cured, ham, center slice, country-style, separable lean only, raw
Pork, cured, ham, extra lean and regular, canned, roasted
Pork, cured, ham, shank, bone-in, separable lean and fat, heated, roasted
Pork, cured, ham, whole, separable lean only, roasted
Pork, cured, salt pork, raw
Pork, fresh, backribs, separable lean and fat, cooked, roasted
Pork, fresh, composite of trimmed leg, loin, shoulder, and spareribs, (includes cuts to be cured), separable lean and fat, raw
Pork, fresh, composite of trimmed retail cuts (leg, loin, and shoulder), separable lean only, cooked
Pork, fresh, composite of trimmed retail cuts (leg, loin, shoulder), separable lean only, raw
Pork, fresh, composite of trimmed retail cuts (leg, loin, shoulder, and spareribs), separable lean and fat, cooked
Pork, fresh, ground, cooked
Pork, fresh, loin, tenderloin, separable lean only, cooked, roasted
Pork, fresh, loin, tenderloin, separable lean only, raw
Pork, fresh, loin, tenderloin, separable lean only, with added solution, cooked, roasted
Pork, fresh, loin, top loin (chops), boneless, separable lean and fat, cooked, broiled
Pork, fresh, loin, top loin (chops), boneless, separable lean and fat, with added solution, cooked, broiled
Pork, fresh, loin, top loin (chops), boneless, separable lean only, cooked, broiled
Pork, fresh, loin, top loin (chops), boneless, separable lean only, with added solution, cooked, broiled
Pork, fresh, loin, top loin (roasts), boneless, separable lean and fat, cooked, roasted
Pork, fresh, loin, top loin (roasts), boneless, separable lean only, cooked, roasted
Pork, fresh, loin, whole, separable lean only, cooked, roasted
Pork, fresh, loin, whole, separable lean only, raw
Pork, fresh, separable fat, cooked
Pork, fresh, shoulder, (Boston butt), blade (steaks), separable lean and fat, cooked, braised
Pork, fresh, shoulder, (Boston butt), blade (steaks), separable lean and fat, with added solution, cooked, braised
Pork, fresh, shoulder, (Boston butt), blade (steaks), separable lean only, cooked, braised
Pork, fresh, shoulder, (Boston butt), blade (steaks), separable lean only, with added solution cooked, braised
Pork, fresh, shoulder, arm picnic, separable lean and fat, cooked, braised
Pork, fresh, shoulder, whole, separable lean and fat, raw
Pork, fresh, shoulder, whole, separable lean only, cooked, roasted
Pork, fresh, variety meats and by-products, chitterlings, cooked, simmered
Pork, fresh, variety meats and by-products, feet, cooked, simmered
Pork, fresh, variety meats and by-products, stomach, raw
Pork, ground, 84% lean / 16% fat, cooked, pan-broiled
Potato chips, without salt, reduced fat
Potato puffs, frozen, unprepared
Potato salad with egg
Potatoes, baked, flesh and skin, without salt
Potatoes, baked, flesh, without salt
Potatoes, boiled, cooked without skin, flesh, without salt
Potatoes, canned, drained solids, no salt added
Potatoes, flesh and skin, raw
Potatoes, french fried, all types, salt added in processing, frozen, home-prepared, oven heated
Potatoes, gold, without skin, raw
Potatoes, hash brown, frozen, plain, prepared, pan fried in canola oil
Potatoes, mashed, dehydrated, flakes without milk, dry form
Potatoes, mashed, ready-to-eat
Potatoes, red, without skin, raw
Potatoes, russet, without skin, raw
Potsticker or wonton, pork and vegetable, frozen, unprepared
Poultry salad sandwich spread
Pretzels, soft, unsalted
Protein supplement, milk based, Muscle Milk Light, powder
Protein supplement, milk based, Muscle Milk, powder
Prune juice, canned
Puddings, all flavors except chocolate, low calorie, instant, dry mix
Puddings, chocolate flavor, low calorie, instant, dry mix
Puddings, chocolate, dry mix, instant
Puddings, chocolate, ready-to-eat
Puddings, rice, ready-to-eat
Puddings, tapioca, ready-to-eat
Puddings, vanilla, dry mix, instant
Puddings, vanilla, ready-to-eat
Puff pastry, frozen, ready-to-bake, baked
Pumpkin flowers, cooked, boiled, drained, without salt
Pumpkin, canned, without salt
Pumpkin, raw
Quail, cooked, total edible
Quinoa, cooked
Radicchio, raw
Radishes, raw
Raisins, dark, seedless (Includes foods for USDA's Food Distribution Program)
Raspberries, raw
Ravioli, cheese with tomato sauce, frozen, not prepared, includes regular and light entrees
Ravioli, cheese-filled, canned
Ravioli, meat-filled, with tomato sauce or meat sauce, canned
REDUCED SODIUM: Bologna, meat and poultry
REDUCED SODIUM: Chicken breast, deli, rotisserie seasoned, sliced, prepackaged
REDUCED SODIUM: Ham, sliced, pre-packaged, deli meat (96%fat free, water added)
REDUCED SODIUM: Pepperoni, beef and pork, sliced
REDUCED SODIUM: Roast beef, deli style, prepackaged, sliced
REDUCED SODIUM: Salami, dry or hard, pork, beef
REDUCED SODIUM: Turkey breast, sliced, prepackaged
Refried beans, canned, traditional style
Refried beans, canned, traditional, reduced sodium
Restaurant, Chinese, beef and vegetables
Restaurant, Chinese, chicken and vegetables
Restaurant, Chinese, fried rice, without meat
Restaurant, Chinese, general tso's chicken
Restaurant, Chinese, kung pao chicken
Restaurant, Chinese, orange chicken
Restaurant, Chinese, sesame chicken
Restaurant, Chinese, sweet and sour chicken
Restaurant, Chinese, sweet and sour pork
Restaurant, Chinese, vegetable chow mein, without meat or noodles
Restaurant, Chinese, vegetable lo mein, without meat
Restaurant, family style, coleslaw
Restaurant, family style, french fries
Restaurant, family style, fried mozzarella sticks
Restaurant, family style, macaroni & cheese, from kids' menu
Restaurant, Italian, lasagna with meat
Restaurant, Latino, pupusas con frijoles (pupusas, bean)
Restaurant, Latino, pupusas con queso (pupusas, cheese)
Restaurant, Latino, pupusas del cerdo (pupusas, pork)
Restaurant, Latino, tamale, corn
Restaurant, Latino, tamale, pork
Restaurant, Mexican, refried beans
Restaurant, Mexican, spanish rice
Rhubarb, raw
Rice and vermicelli mix, rice pilaf flavor, unprepared
Rice and Wheat cereal bar
Rice bowl with chicken, frozen entree, prepared (includes fried, teriyaki, and sweet and sour varieties)
Rice cake, cracker (include hain mini rice cakes)
Rice crackers
Rice mix, cheese flavor, dry mix, unprepared
Rice noodles, cooked
Rice, brown, long grain, unenriched, raw
Rice, brown, long-grain, cooked (Includes foods for USDA's Food Distribution Program)
Rice, white, glutinous, unenriched, cooked
Rice, white, long grain, unenriched, raw
Rice, white, long-grain, regular, enriched, cooked
Rice, white, long-grain, regular, raw, enriched
RICE-A-RONI, chicken flavor, unprepared
Roast beef, deli style, prepackaged, sliced
Rolls, dinner, plain, commercially prepared (includes brown-and-serve)
Rolls, dinner, sweet
Rolls, dinner, wheat
Rolls, gluten-free, white, made with rice flour, rice starch, and corn starch
Rolls, hamburger or hot dog, wheat/cracked wheat
Rolls, hamburger or hot dog, whole wheat
Rolls, hamburger or hotdog, mixed-grain
Rolls, hamburger or hotdog, plain
Rolls, hamburger, whole grain white, calcium-fortified
Rolls, hard (includes kaiser)
Rutabagas, raw
Salad dressing, bacon and tomato
Salad dressing, blue or roquefort cheese dressing, commercial, regular
Salad dressing, blue or roquefort cheese dressing, fat-free
Salad dressing, caesar dressing, regular
Salad dressing, caesar, fat-free
Salad dressing, caesar, low calorie
Salad dressing, coleslaw
Salad dressing, french dressing, commercial, regular
Salad dressing, french dressing, fat-free
Salad dressing, french dressing, reduced fat
Salad dressing, green goddess, regular
Salad dressing, home recipe, vinegar and oil
Salad dressing, honey mustard dressing, reduced calorie
Salad dressing, honey mustard, regular
Salad dressing, italian dressing, commercial, reduced fat
Salad dressing, italian dressing, commercial, regular
Salad dressing, italian dressing, fat-free
Salad dressing, KRAFT Mayo Fat Free Mayonnaise Dressing
Salad dressing, mayonnaise type, regular, with salt
Salad dressing, mayonnaise, imitation, soybean
Salad dressing, mayonnaise, light
Salad dressing, mayonnaise, regular
Salad Dressing, mayonnaise-like, fat-free
Salad dressing, mayonnaise-type, light
Salad dressing, poppyseed, creamy
Salad dressing, ranch dressing, regular
Salad dressing, russian dressing
Salad dressing, sesame seed dressing, regular
Salad dressing, thousand island dressing, fat-free
Salad dressing, thousand island dressing, reduced fat
Salad dressing, thousand island, commercial, regular
Salami, cooked, turkey
Salami, dry or hard, pork, beef
Salisbury steak with gravy, frozen
Salsify, cooked, boiled, drained, without salt
Salt, table
Sandwich spread, pork, beef
Sandwich spread, with chopped pickle, regular, unspecified oils
Sauce, barbecue
Sauce, cocktail, ready-to-serve
Sauce, duck, ready-to-serve
Sauce, enchilada, red, mild, ready to serve
Sauce, fish, ready-to-serve
Sauce, hoisin, ready-to-serve
Sauce, horseradish
Sauce, oyster, ready-to-serve
Sauce, pasta, spaghetti/marinara, ready-to-serve
Sauce, pasta, spaghetti/marinara, ready-to-serve, low sodium
Sauce, peanut, made from peanut butter, water, soy sauce
Sauce, ready-to-serve, pepper, TABASCO
Sauce, salsa, ready-to-serve
Sauce, salsa, verde, ready-to-serve
Sauce, steak, tomato based
Sauce, sweet and sour, ready-to-serve
Sauce, tartar, ready-to-serve
Sauce, teriyaki, ready-to-serve
Sauce, teriyaki, ready-to-serve, reduced sodium
Sauce, tomato chili sauce, bottled, with salt
Sauce, worcestershire
Sauerkraut, canned, solids and liquids
Sausage, breakfast sausage, beef, pre-cooked, unprepared
Sausage, chicken or turkey, Italian style,  lower sodium
Sausage, Italian, pork, mild, cooked, pan-fried
Sausage, meatless
Sausage, pork, chorizo, link or ground, cooked, pan-fried
Sausage, turkey and pork, fresh, bulk, patty or link, cooked
Sausage, turkey, breakfast links, mild, raw
Sausage, Vienna, canned, chicken, beef, pork
SCHIFF,TIGER'S MILK BAR
School Lunch, chicken nuggets, whole grain breaded
School Lunch, chicken patty, whole grain breaded
School Lunch, pizza, cheese topping, thick crust, whole grain, frozen, cooked
School Lunch, pizza, cheese topping, thin crust, whole grain, frozen, cooked
School Lunch, pizza, pepperoni topping, thick crust, whole grain, frozen, cooked
School Lunch, pizza, pepperoni topping, thin crust, whole grain, frozen, cooked
School Lunch, pizza, sausage topping, thick crust, whole grain, frozen, cooked
School Lunch, pizza, sausage topping, thin crust, whole grain, frozen, cooked
Scrapple, pork
Seaweed, agar, dried
Seaweed, kelp, raw
Seaweed, laver, raw
Seaweed, spirulina, dried
Seaweed, wakame, raw
Seeds, chia seeds, dried
Seeds, pumpkin and squash seed kernels, roasted, without salt
Seeds, sesame seed kernels, dried (decorticated)
Seeds, sunflower seed kernels, dry roasted, without salt
Sesame butter, creamy
Shake, fast food, vanilla
Sherbet, orange
Shortening industrial, soybean (hydrogenated) and cottonseed
Shortening, vegetable, household, composite
Snack, BALANCE, original bar
Snack, potato chips, made from dried potatoes, plain
Snack, Pretzel, hard chocolate coated
Snacks, bagel chips, plain
Snacks, banana chips
Snacks, beef jerky, chopped and formed
Snacks, brown rice chips
Snacks, CLIF BAR, mixed flavors
Snacks, corn-based, extruded, chips, plain
Snacks, corn-based, extruded, onion-flavor
Snacks, corn-based, extruded, puffs or twists, cheese-flavor
Snacks, FRITOLAY, SUNCHIPS, Multigrain Snack, original flavor
Snacks, fruit leather, rolls
Snacks, granola bar, chewy, reduced sugar, all flavors
Snacks, granola bar, fruit-filled, nonfat
Snacks, granola bar, GENERAL MILLS NATURE VALLEY, SWEET&SALTY NUT, peanut
Snacks, granola bar, GENERAL MILLS, NATURE VALLEY, CHEWY TRAIL MIX
Snacks, granola bar, GENERAL MILLS, NATURE VALLEY, with yogurt coating
Snacks, granola bar, KASHI GOLEAN, chewy, mixed flavors
Snacks, granola bar, KASHI TLC Bar, chewy, mixed flavors
Snacks, granola bar, QUAKER, chewy, 90 Calorie Bar
Snacks, granola bar, QUAKER, DIPPS, all flavors
Snacks, granola bar, with coconut, chocolate coated
Snacks, granola bars, hard, plain
Snacks, granola bars, QUAKER OATMEAL TO GO, all flavors
Snacks, granola bars, soft, almond, confectioners coating
Snacks, granola bars, soft, coated, milk chocolate coating, peanut butter
Snacks, granola bars, soft, uncoated, chocolate chip
Snacks, granola bites, mixed flavors
Snacks, KELLOGG, KELLOGG'S RICE KRISPIES TREATS Squares
Snacks, KELLOGG, KELLOGG'S, NUTRI-GRAIN Cereal Bars, fruit
Snacks, KRAFT, CORNNUTS, plain
Snacks, M&M MARS, COMBOS Snacks Cheddar Cheese Pretzel
Snacks, NUTRI-GRAIN FRUIT AND NUT BAR
Snacks, peas, roasted, wasabi-flavored
Snacks, pita chips, salted
Snacks, plantain chips, salted
Snacks, popcorn, air-popped
Snacks, popcorn, cakes
Snacks, popcorn, caramel-coated, with peanuts
Snacks, popcorn, caramel-coated, without peanuts
Snacks, popcorn, cheese-flavor
Snacks, popcorn, home-prepared, oil-popped, unsalted
Snacks, pork skins, plain
Snacks, potato chips, barbecue-flavor
Snacks, potato chips, lightly salted
Snacks, potato chips, made from dried potatoes (preformed), multigrain
Snacks, potato chips, made from dried potatoes, reduced fat
Snacks, potato chips, plain, salted
Snacks, potato chips, white, restructured, baked
Snacks, potato sticks
Snacks, Pretzels, gluten- free made with cornstarch and potato flour
Snacks, pretzels, hard, plain, made with enriched flour, unsalted
Snacks, pretzels, hard, plain, salted
Snacks, shrimp cracker
Snacks, soy chips or crisps, salted
Snacks, sweet potato chips, unsalted
Snacks, taro chips
Snacks, tortilla chips, low fat, unsalted
Snacks, tortilla chips, nacho cheese
Snacks, tortilla chips, plain, white corn, salted
Snacks, vegetable chips, HAIN CELESTIAL GROUP, TERRA CHIPS
Snacks, vegetable chips, made from garden vegetables
Soup, beef broth or bouillon canned, ready-to-serve
Soup, beef broth or bouillon, powder, dry
Soup, beef broth or bouillon, powder, prepared with water
Soup, bouillon cubes and granules, low sodium, dry
Soup, chicken broth, less/reduced sodium, ready to serve
Soup, chicken broth, ready-to-serve
Soup, cream of chicken, canned, condensed
Soup, cream of mushroom, canned, condensed
Soup, egg drop, Chinese restaurant
Soup, hot and sour, Chinese restaurant
Soup, ramen noodle, any flavor, dry
Soup, stock, chicken, home-prepared
Soup, stock, fish, home-prepared
Soup, tomato, canned, condensed
Soup, vegetable with beef broth, canned, condensed
Sour cream, fat free
Sour cream, imitation, cultured
Sour cream, light
Soy milk, unsweetened, plain, shelf stable
Soy protein isolate
Soy sauce made from soy and wheat (shoyu)
Soy sauce made from soy and wheat (shoyu), low sodium
Soybean, curd cheese
Soybeans, mature cooked, boiled, without salt
Soybeans, mature seeds, roasted, salted
Soymilk, original and vanilla, with added calcium, vitamins A and D
Spices, basil, dried
Spices, caraway seed
Spices, chili powder
Spices, cinnamon, ground
Spices, coriander leaf, dried
Spices, cumin seed
Spices, garlic powder
Spices, mustard seed, ground
Spices, nutmeg, ground
Spices, oregano, dried
Spices, paprika
Spices, parsley, dried
Spices, pepper, black
Spices, pepper, red or cayenne
Spices, sage, ground
Spices, thyme, dried
Spices, turmeric, ground
Spinach, baby
Spinach, canned, regular pack, drained solids
Spinach, frozen, chopped or leaf, cooked, boiled, drained, without salt
Spinach, mature
Squash, summer, crookneck and straightneck, canned, drained, solid, without salt
Squash, summer, crookneck and straightneck, frozen, cooked, boiled, drained, without salt
Squash, summer, crookneck and straightneck, raw
Squash, summer, zucchini, includes skin, frozen, cooked, boiled, drained, without salt
Squash, summer, zucchini, includes skin, raw
Squash, winter, all varieties, cooked, baked, without salt
Squash, winter, spaghetti, cooked, boiled, drained, or baked, without salt
Strawberries, canned, heavy syrup pack, solids and liquids
Strawberries, frozen, unsweetened (Includes foods for USDA's Food Distribution Program)
Strawberries, raw
Strawberry-flavor beverage mix, powder
Sugars, brown
Sugars, granulated
Sugars, powdered
Sweet potato leaves, cooked, steamed, without salt
Sweet potato, canned, vacuum pack
Sweet potato, raw, unprepared (Includes foods for USDA's Food Distribution Program)
Sweet Potatoes, french fried, frozen as packaged, salt added in processing
Sweet potatoes, orange flesh, without skin, raw
Sweet rolls, cinnamon, commercially prepared with raisins
Sweetener, herbal extract powder from Stevia leaf
Sweetener, syrup, agave
Sweeteners, tabletop, aspartame, EQUAL, packets
Sweeteners, tabletop, saccharin (sodium saccharin)
Sweeteners, tabletop, sucralose, SPLENDA packets
Syrup, fruit flavored
Syrup, NESTLE, chocolate
Syrups, chocolate, fudge-type
Syrups, chocolate, HERSHEY'S Genuine Chocolate Flavored Lite Syrup
Syrups, corn, dark
Syrups, corn, light
Syrups, grenadine
Syrups, sugar free
Syrups, table blends, pancake, reduced-calorie
Syrups, table blends, pancake, with 2% maple
Taco shells, baked
Tamarinds, raw
Tangerine juice, raw
Tangerines, (mandarin oranges), canned, juice pack
Tangerines, (mandarin oranges), raw
Tapioca, pearl, dry
Taro leaves, raw
Taro, raw
Tart, breakfast, low fat
Thuringer, cervelat, summer sausage, beef, pork
Toaster Pastries, fruit, frosted (include apples, blueberry, cherry, strawberry)
Toddler formula, MEAD JOHNSON, ENFAGROW, Toddler Transitions, with ARA and DHA, powder
Tofu yogurt
Tofu, fried
Tofu, soft, prepared with calcium sulfate and magnesium chloride (nigari)
Tomato and vegetable juice, low sodium
Tomato juice, with added ingredients, from concentrate, shelf stable
Tomato products, canned, paste, without salt added (Includes foods for USDA's Food Distribution Program)
Tomato products, canned, puree, with salt added
Tomato products, canned, puree, without salt added
Tomato products, canned, sauce
Tomato, roma
Tomatoes, canned, red, ripe, diced
Tomatoes, grape, raw
Tomatoes, green, raw
Tomatoes, red, ripe, canned, packed in tomato juice
Tomatoes, red, ripe, canned, packed in tomato juice, no salt added
Tomatoes, red, ripe, raw, year round average
Tomatoes, sun-dried
Toppings, butterscotch or caramel
Toppings, marshmallow cream
Toppings, nuts in syrup
Toppings, strawberry
Tortellini, pasta with cheese filling, fresh-refrigerated, as purchased
Tortillas, ready-to-bake or -fry, corn
Tortillas, ready-to-bake or -fry, flour, refrigerated
Tortillas, ready-to-bake or -fry, whole wheat
Turkey breast, sliced, prepackaged
Turkey from whole, light meat, meat and skin, with added solution, cooked, roasted
Turkey from whole, light meat, meat only, with added solution, cooked, roasted
Turkey, all classes, leg, meat and skin, cooked, roasted
Turkey, all classes, light meat, cooked, roasted
Turkey, all classes, wing, meat and skin, cooked, roasted
Turkey, back, from whole bird, meat and skin, with added solution, roasted
Turkey, dark meat from whole, meat and skin, with added solution, cooked, roasted
Turkey, dark meat, meat only, with added solution, cooked, roasted
Turkey, drumstick, from whole bird, meat only, roasted
Turkey, drumstick, from whole bird, meat only, with added solution, roasted
Turkey, ground, 93% lean, 7% fat, pan-broiled crumbles
Turkey, Ground, cooked
Turkey, light or dark meat, smoked, cooked, skin and bone removed
Turkey, light or dark meat, smoked, cooked, with skin, bone removed
Turkey, retail parts, breast, meat and skin, with added solution, raw
Turkey, retail parts, thigh, meat and skin, cooked, roasted
Turkey, skin from whole, (light and dark), with added solution, roasted
Turkey, stuffing, mashed potatoes w/gravy, assorted vegetables, frozen, microwaved
Turkey, thigh, from whole bird, meat only, roasted
Turkey, thigh, from whole bird, meat only, with added solution, roasted
Turkey, whole, breast, meat only, cooked, roasted
Turkey, whole, dark meat, cooked, roasted
Turkey, whole, dark meat, meat and skin, cooked, roasted
Turkey, whole, light meat, meat and skin, cooked, roasted
Turkey, whole, meat and skin, cooked, roasted
Turkey, whole, meat and skin, raw
Turkey, whole, meat and skin, with added solution, roasted
Turkey, whole, meat only, cooked, roasted
Turkey, whole, meat only, raw
Turkey, whole, meat only, with added solution, roasted
Turkey, whole, neck, meat only, cooked, simmered
Turkey, whole, wing, meat only, cooked, roasted
Turkey, wing, from whole bird, meat only, with added solution, roasted
Turnip greens, canned, no salt added
Turnip greens, cooked, boiled, drained, without salt
Turnip greens, frozen, cooked, boiled, drained, without salt
Turnips, raw
Turtle, green, raw
Vanilla extract, imitation, no alcohol
Veal, composite of trimmed retail cuts, separable lean and fat, cooked
Veal, ground, cooked, pan-fried
Veal, loin, chop, separable lean only, cooked, grilled
Veal, loin, separable lean and fat, raw
Veal, variety meats and by-products, thymus, cooked, braised
Vegetable juice cocktail, canned
Vegetables, mixed, frozen, cooked, boiled, drained, without salt
Vegetarian fillets
Veggie burgers or soyburgers, unprepared
Vermicelli, made from soy
Vinegar, cider
Vinegar, distilled
Vitamin B composite in cereals
Vitamin B-12 as ingredient
Vitamin C as ingredient
Vitamin D as ingredient
Waffle, buttermilk, frozen, ready-to-heat, toasted
Waffles, gluten-free, frozen, ready-to-heat
Waffles, whole wheat, lowfat, frozen, ready-to-heat
Wasabi
Water, bottled, generic
Water, non-carbonated, bottles, natural fruit flavors, sweetened with low calorie sweetener
Water, with corn syrup and/or sugar and low calorie sweetener, fruit flavored
Waterchestnuts, chinese, canned, solids and liquids
Watercress, raw
Watermelon, raw
Waxgourd, (chinese preserving melon), cooked, boiled, drained, without salt
Wheat bran, crude
Whey, sweet, dried
Whipped topping, frozen, low fat
Wild rice, cooked
Wild rice, raw
Yambean (jicama), raw
Yeast extract spread
Yellow rice with seasoning, dry packet mix, unprepared
Yogurt, Greek, plain, lowfat
Yogurt, Greek, plain, nonfat
Yogurt, Greek, plain, whole milk
Yogurt, Greek, vanilla, lowfat
Yogurt, plain, low fat
Yogurt, plain, nonfat
Yogurt, plain, whole milk
Zwieback
